Software Name,Official Download Link,Affiliate Search Key,Category,Latest Version,License Link,Notes
Unreal Engine,https://www.unrealengine.com/download,epic affiliate program,Game Engine,5.3.2,https://www.unrealengine.com/en-US/eula/,3D game engine
Unity,https://unity.com/download,unity affiliate program,Game Engine,2022.3.11,https://unity.com/legal/terms,3D game engine
Godot,https://godotengine.org/download/,godot affiliate program,Game Engine,4.1.2,https://godotengine.org/license/,Open-source game engine
GameMaker,https://gamemaker.io/en/download,yoyo affiliate program,Game Engine,2024.1,https://gamemaker.io/en/terms,Game creation tool
CryEngine,https://www.cryengine.com/download,crytek affiliate program,Game Engine,5.10,https://www.cryengine.com/terms,3D game engine
Blender,https://www.blender.org/download/,blender affiliate program,3D Graphics,3.6.3,https://www.blender.org/about/license/,3D modeling and animation
Autodesk Maya,https://www.autodesk.com/products/maya/overview,autodesk affiliate program,3D Graphics,2024,https://www.autodesk.com/company/legal-and-regulatory/terms-of-service,Professional 3D software
Autodesk 3DS Max,https://www.autodesk.com/products/3ds-max/overview,autodesk affiliate program,3D Graphics,2024,https://www.autodesk.com/company/legal-and-regulatory/terms-of-service,3D modeling software
Cinema 4D,https://www.maxon.net/en/cinema-4d,maxon affiliate program,3D Graphics,2024,https://www.maxon.net/en/legal,3D graphics software
LightWave 3D,https://www.lightwave3d.com/download,newtek affiliate program,3D Graphics,2023.3,https://www.lightwave3d.com/,3D graphics software
Houdini,https://www.sidefx.com/download/,sidefx affiliate program,3D Graphics,19.5.596,https://www.sidefx.com/legal/,Procedural 3D graphics
ZBrush,https://pixologic.com/zbrush/,pixologic affiliate program,3D Graphics,2024,https://pixologic.com/documents/,Digital sculpting
AdobePhotoshop,https://www.adobe.com/products/photoshop/landpa.html,adobe affiliate program,Image Editing,2024,https://www.adobe.com/legal/terms.html,Professional image editor
AdobeIllustrator,https://www.adobe.com/products/illustrator/landpa.html,adobe affiliate program,Vector Graphics,2024,https://www.adobe.com/legal/terms.html,Vector graphics editor
AdobeInDesign,https://www.adobe.com/products/indesign/landpa.html,adobe affiliate program,Desktop Publishing,2024,https://www.adobe.com/legal/terms.html,Desktop publishing
AdobePremierePro,https://www.adobe.com/products/premiere/landpa.html,adobe affiliate program,Video Editing,2024,https://www.adobe.com/legal/terms.html,Professional video editor
AdobeAfterEffects,https://www.adobe.com/products/aftereffects/landpa.html,adobe affiliate program,Motion Graphics,2024,https://www.adobe.com/legal/terms.html,Motion graphics software
FinalCutPro,https://www.apple.com/final-cut-pro/,apple affiliate program,Video Editing,10.7.1,https://www.apple.com/legal/sla/,Professional video editor
DaVinciResolve,https://www.blackmagicdesign.com/products/davinciresolve/,blackmagic affiliate program,Video Editing,18.6.1,https://www.blackmagicdesign.com/legal/,Video editing software
OBS Studio,https://obsproject.com/download,obs affiliate program,Broadcasting,30.0.2,https://obsproject.com/legal,Open-source streaming
